count,mean,std,min,25%,50%,75%,95%,max,name,ci95_l,ci95_h,ci99_l,ci99_h
10000.0,9332.584799203229,60.55300864709925,9004.5207100592,9294.102089374599,9334.00491838795,9374.2009788832,9427.399152972066,9560.0432881504,actualCapacity,9331.397960233746,9333.771638172711,9331.022531580133,9334.147066826325
1000.0,1105.9543999999953,93.84343915113763,767.99999999997,1042.7,1105.4,1169.2,1256.58,1467.6000000001,meanMalus,1100.1379233808475,1111.770876619143,1098.2980175115251,1113.6107824884655
1000.0,2.338629877543386,0.0955869726780759,1.9496644295302,2.27419675909405,2.338139869281,2.40484173667555,2.498827844623655,2.6829182742897,queueLength,2.332705335596647,2.344554419490125,2.3308312457971687,2.3464285092896033
100.0,111496.7,342.565292751586,110573.0,111245.5,111469.0,111705.5,112057.3,112303.0,receivedPackets,111429.55720262068,111563.84279737932,111408.3181544701,111585.0818455299
1000.0,0.08916031570731278,0.002659077692934344,0.079399451071411,0.08739307722920825,0.0891023638444095,0.09090777157530525,0.09363058252948364,0.098126693738542,responseTime,0.08899550436440642,0.08932512705021914,0.08894337016409931,0.08937726125052625
10000.0,1114.967,215.22881743713026,439.0,964.75,1105.0,1254.0,1483.0499999999993,2011.0,sentPackets,1110.7485151782323,1119.185484821768,1109.4140965101221,1120.519903489878
1000.0,0.007416293275995686,1.7933174251040882e-05,0.0073601622657561,0.007403464343218725,0.00741652074377565,0.007428154383212475,0.007446715159053905,0.007479086318261,serviceTime,0.007415181766340011,0.0074174047856513615,0.007414830166346889,0.0074177563856444835
1000.0,0.08174414846750025,0.0026575307810626702,0.071992903162501,0.0799691240190475,0.08169208906151751,0.08350163053795374,0.08620710732883351,0.090703469580925,waitingTime,0.08157943300318503,0.08190886393181547,0.08152732913182001,0.08196096780318049
