count,mean,std,min,25%,50%,75%,95%,max,name,ci95_l,ci95_h,ci99_l,ci99_h
16000.0,9295.451651848663,130.33319063703706,8618.8924731183,9214.888269741825,9303.628765406549,9385.655469354526,9492.999816158444,9708.2487309645,actualCapacity,9293.432118136727,9297.4711855606,9292.793286044176,9298.11001765315
1000.0,64.7771499999985,13.953749765206174,23.8,54.549999999999,64.224999999998,74.299999999998,89.099999999997,107.5,meanMalus,63.91228762929991,65.64201237069709,63.638708716119744,65.91559128387725
1000.0,0.020023578046959006,0.0026475544492278,0.013220998055736,0.018197521493172497,0.019846758093265,0.021803688707677002,0.02461034809651145,0.031161473087819,queueLength,0.019859480922097106,0.020187675171820907,0.019807572647906096,0.020239583446011917
1000.0,7797.942,86.58459174430244,7506.0,7737.0,7800.0,7858.0,7940.0,8063.0,receivedPackets,7792.575431404319,7803.308568595681,7790.877843379155,7805.006156620845
1000.0,0.008490397628532686,6.270892963234702e-05,0.0082673168043705,0.008445007298289776,0.00848944718949605,0.008532640689583674,0.00859392893731142,0.0087021261031099,responseTime,0.008486510888806205,0.008494284368259167,0.008485281409913135,0.008495513847152237
16000.0,487.371375,203.7284931269835,0.0,334.0,475.0,621.0,842.0,1445.0,sentPackets,484.21456929347937,490.52818070652063,483.2159878965188,491.5267621034812
1000.0,0.007485804217905996,2.9307257480967705e-05,0.0073938437256183,0.0074664619591422,0.00748618822814105,0.007504251013973275,0.00753606131154179,0.0075773410266796,serviceTime,0.007483987735267984,0.007487620700544008,0.007483413133617184,0.007488195302194808
1000.0,0.0010045968710570648,5.396195018964028e-05,0.0008460362558871,0.0009676593921057999,0.00100379254605475,0.00104030528603355,0.0010942655262328,0.0012117970935069,waitingTime,0.0010012522747332219,0.0010079414673809077,0.0010001942901818022,0.0010089994519323273
