count,mean,std,min,25%,50%,75%,95%,max,name,ci95_l,ci95_h,ci99_l,ci99_h
16000.0,9329.63824611559,400.2687703539008,8024.6496163683,9026.335439383225,9437.8975139247,9661.90725996085,9815.05694104526,9983.0564476331,actualCapacity,9323.43601726188,9335.8404749693,9321.474087726521,9337.802404504659
1000.0,1185.6289999994708,41.23384276035381,1025.8499999996,1157.2499999995,1185.0499999995,1212.8499999994,1252.6099999994,1322.6499999993,meanMalus,1183.0732999473132,1188.1847000516284,1182.2648642165286,1188.993135782413
1000.0,0.6745881315996897,0.03780631625335294,0.56780722152659,0.6457689898293151,0.672864253361225,0.7012379777922375,0.7405959835595485,0.80032691423609,queueLength,0.6722448718413854,0.676931391357994,0.6715036366117177,0.6776726265876616
1000.0,39017.373,196.52292775178202,38405.0,38876.0,39021.5,39153.0,39315.05,39865.0,receivedPackets,39005.19238274285,39029.55361725715,39001.33933034518,39033.40666965482
1000.0,0.013910199541600592,0.000348724370623203,0.012793121304469,0.0136535049028725,0.0139030366748795,0.014149362141895,0.014501935562675351,0.015123894459279,responseTime,0.013888585381179742,0.013931813702021442,0.01388174824880172,0.013938650834399465
16000.0,2438.5858125,4299.73067535965,0.0,0.0,683.0,3022.0,10758.149999999998,38937.0,sentPackets,2371.9607954287903,2505.2108295712096,2350.8855349266732,2526.2860900733267
1000.0,0.007166598090136519,5.1812198639312516e-05,0.0070201978181537,0.007130268856834875,0.007165065658927199,0.00720385095955395,0.007249639696604345,0.0073587152013558,serviceTime,0.007163386736794205,0.007169809443478832,0.007162370900532861,0.007170825279740176
1000.0,0.006743609532300801,0.0003273396509923048,0.0057708935085091,0.006496469180265375,0.00673240894137795,0.0069676573498605255,0.007312404819476911,0.0078592504827598,waitingTime,0.006723320810534643,0.006763898254066958,0.006716902949567798,0.006770316115033804
