count,mean,std,min,25%,50%,75%,95%,max,ci95_l,ci95_h,ci99_l,ci99_h
1000.0,0.010304908717882763,8.253460631458677e-05,0.010065306761458,0.010248790207165251,0.0103047904810325,0.010355157586976999,0.0104478342129787,0.010549160275028,0.01029979316998467,0.010310024265780857,0.010298174986465887,0.01031164244929964
0.0,,,,,,,,,,,,
0.0,,,,,,,,,,,,
0.0,,,,,,,,,,,,
0.0,,,,,,,,,,,,
