count,mean,std,min,25%,50%,75%,95%,max,name,ci95_l,ci95_h,ci99_l,ci99_h
10000.0,9354.14848536278,121.4385259512084,8726.4763313609,9279.392071197399,9362.186972710198,9438.051457276575,9538.53910540778,9723.6187943262,actualCapacity,9351.768290254136,9356.528680471425,9351.01537139324,9357.281599332322
1000.0,1286.523,289.5407351450022,569.0,1080.0,1282.0,1477.0,1770.1,2303.0,meanMalus,1268.5770793102276,1304.4689206897722,1262.9003084797894,1310.1456915202104
1000.0,2.489025167784668,0.16249274419152887,1.9051326032458,2.38137884987665,2.4877293262018,2.5988500571185003,2.75806006497045,2.9372144628639,queueLength,2.4789537631567002,2.499096572412636,2.475767910672343,2.5022824248969933
100.0,78061.24,266.0960986887514,77453.0,77852.0,78069.0,78214.25,78459.1,78806.0,receivedPackets,78009.08516465701,78113.394835343,77992.5872065383,78129.89279346171
1000.0,0.1319346353009666,0.006483721924439318,0.11126881788906,0.12772269928719002,0.132039617157545,0.1363354920388925,0.1421933221195895,0.14862016447677,responseTime,0.1315327700526372,0.13233650054929602,0.13140564941285954,0.13246362118907368
10000.0,780.6124,274.02164102898007,58.0,584.0,763.0,955.0,1263.0,2266.0,sentPackets,775.241575835832,785.983224164168,773.5426416614523,787.6821583385477
1000.0,0.007449905413765065,3.5638057404217224e-05,0.0073563749889656,0.007425011981664825,0.0074488251592843,0.007473970828513275,0.007509055908639655,0.0075787549309371,serviceTime,0.007447696544082554,0.007452114283447576,0.007446997819999312,0.007452813007530819
1000.0,0.12448489593364076,0.006483250668734333,0.10378940153965,0.120304397701295,0.1245697648594,0.1289273013241975,0.13472197077062448,0.14111738350611,waitingTime,0.12408305989404256,0.12488673197323896,0.1239559484937615,0.12501384337352003
