file,mean
k10-X05-m05-t05.csv,0.075307516
k10-X05-m05-t2.csv,0.077558958
k10-X05-m4-t05.csv,0.051308187
k10-X05-m4-t2.csv,0.047559192
k10-X4-m05-t05.csv,0.135592425
k10-X4-m05-t2.csv,0.139628082
k10-X4-m4-t05.csv,0.452105377
k10-X4-m4-t2.csv,0.48436696
k50-X05-m05-t05.csv,0.036770685
k50-X05-m05-t2.csv,0.036208084
k50-X05-m4-t05.csv,0.039512074
k50-X05-m4-t2.csv,0.038871909
k50-X4-m05-t05.csv,0.137085666
k50-X4-m05-t2.csv,0.137420014
k50-X4-m4-t05.csv,0.212470808
k50-X4-m4-t2.csv,0.211278284
