count,mean,std,min,25%,50%,75%,95%,max,name,ci95_l,ci95_h,ci99_l,ci99_h
16000.0,9279.918067908216,386.2834559944284,8024.6517285531,8990.051187149125,9345.45123675195,9606.070436179925,9788.85142684088,9978.786593349,actualCapacity,9273.932543745635,9285.903592070797,9272.039163653391,9287.796972163042
1000.0,1204.7366499994546,28.800228252961094,1118.4499999995,1185.8874999995,1203.7499999995,1222.6749999994,1252.3524999994002,1299.0999999994,meanMalus,1202.9515933585776,1206.5217066403316,1202.3869325844228,1207.0863674144864
1000.0,0.8508279417673232,0.03937045466722633,0.74141293325359,0.823309704602375,0.8501736304879299,0.8771450089885425,0.9167939228147289,1.0244164070082,queueLength,0.8483877357057323,0.8532681478289141,0.8476158337882903,0.8540400497463562
1000.0,39017.384,196.34115817727672,38405.0,38876.75,39021.5,39153.0,39314.1,39860.0,receivedPackets,39005.2146489378,39029.5533510622,39001.365160336485,39033.40283966351
1000.0,0.015670918824825596,0.0003558660596282276,0.014655829186197,0.015425179742454,0.0156703939755885,0.0158989811056955,0.016285881111878998,0.017323507464563,responseTime,0.015648862017934254,0.015692975631716937,0.015641884864733935,0.015699952784917256
16000.0,2438.5865,4300.844515672416,0.0,0.0,668.0,3015.0,10737.149999999998,38981.0,sentPackets,2371.944223794334,2505.228776205666,2350.8635037700924,2526.3094962299074
1000.0,0.0071646276087797105,5.122973415138866e-05,0.0070200659076317,0.007128729452526799,0.0071626873398532,0.0072015708154390505,0.007246442931576874,0.0073557491419413,serviceTime,0.007161452356960382,0.007167802860599039,0.007160447940568553,0.007168807276990868
1000.0,0.008506294649562691,0.00033453869299128827,0.0075065645571538,0.008273000509474326,0.00851122043836305,0.0087256138434755,0.009073332433105786,0.010062820912926,waitingTime,0.00848555972655065,0.008527029572574733,0.008479000720291738,0.008533588578833644
