count,mean,std,min,25%,50%,75%,95%,max,name,ci95_l,ci95_h,ci99_l,ci99_h
16000.0,9338.702720576015,416.05596544855007,8021.887755102,8999.256536989826,9483.664507061549,9684.125086099975,9824.883237265005,9977.7230707396,actualCapacity,9332.255866599919,9345.149574552112,9330.216555648296,9347.188885503734
1000.0,344.29320000004395,45.73872554822369,195.30000000001,313.30000000004,344.35000000004,376.03750000005004,419.95250000005996,484.35000000008,meanMalus,341.45828441993183,347.1281155801561,340.5615254098964,348.02487459019153
1000.0,0.10964238991316526,0.006223695994164797,0.090432368515758,0.1053385438458375,0.10951500185182,0.1136360680164425,0.120309316237324,0.13022852479086,queueLength,0.10925664123896714,0.11002813858736338,0.10913461869916977,0.11015016112716075
1000.0,19505.1,140.96115083967655,19066.0,19417.75,19510.0,19595.0,19728.0,19977.0,receivedPackets,19496.36313735426,19513.836862645738,19493.5994359051,19516.600564094897
1000.0,0.009375433736963444,0.00011140593562797833,0.0090412728636784,0.00929984466306645,0.00937603459260335,0.00944812145700845,0.00955845831833487,0.0097483005396479,responseTime,0.009368528725535093,0.009382338748391795,0.009366344487226124,0.009384522986700764
16000.0,1219.06875,2121.312296024448,0.0,0.0,387.0,1551.25,5343.0999999999985,19614.0,sentPackets,1186.1986754286027,1251.9388245713972,1175.800998778467,1262.336501221533
1000.0,0.007182805427564742,5.420706897308591e-05,0.0070213308557048,0.0071472147549036,0.00718232077182395,0.007219101896823749,0.007271285981203425,0.0073522336546994,serviceTime,0.0071794456386213,0.007186165216508183,0.007178382848241232,0.007187228006888252
1000.0,0.002192623455937684,7.94684489103804e-05,0.0019601877424712,0.002139032819182525,0.0021922664731569997,0.002243570864909675,0.0023273734115533402,0.0024747497552654,waitingTime,0.0021876979504444048,0.0021975489614309636,0.0021861398823802038,0.0021991070294951646
