count,mean,std,min,25%,50%,75%,95%,max,name,ci95_l,ci95_h,ci99_l,ci99_h
1000.0,8996.961362722077,52.55211260392694,8836.011921918,8961.0764159256,8996.492766529998,9034.281904731824,9082.957201565725,9139.9951112826,actualCapacity,8993.704149037108,9000.218576407045,8992.67380593268,9001.248919511474
1000.0,0.0,0.0,0.0,0.0,0.0,0.0,0.0,0.0,meanMalus,0.0,0.0,0.0,0.0
1000.0,0.014457432714482663,0.001944520218135651,0.0093737794558,0.0130458397692805,0.0144341821158655,0.01574129248486925,0.017792092965017398,0.020814710764909,queueLength,0.014336910102709764,0.014577955326255563,0.014298785603067316,0.01461607982589801
1000.0,7797.945,86.58872664834945,7506.0,7737.0,7800.0,7858.0,7940.0,8063.0,receivedPackets,7792.57817512031,7803.311824879689,7790.8805060257155,7805.009493974284
1000.0,0.008526162524279254,6.27305840268844e-05,0.0083182423165515,0.008483631421771151,0.0085265916899924,0.008566710371890074,0.008627641638090966,0.0087089643053471,responseTime,0.008522274442399494,0.008530050606159014,0.008521044538947734,0.008531280509610774
16000.0,487.3715625,1887.7649375405617,0.0,0.0,0.0,0.0,7725.049999999999,8063.0,sentPackets,458.12034174079497,516.622783259205,448.86740456186277,525.8757204381371
1000.0,0.007801841048894328,4.580797132984391e-05,0.0076780033898284,0.00776975116214545,0.00780201810066715,0.007833276011822824,0.00787908622918959,0.0079475205576948,serviceTime,0.007799001841416206,0.007804680256372451,0.007798103724764963,0.007805578373023693
1000.0,0.0007243214357946088,3.191040034710501e-05,0.0006332537688008,0.000702200116805075,0.0007251368144210999,0.00074581301293985,0.000779505887759415,0.0008130717922984,waitingTime,0.0007223436086901731,0.0007262992628990446,0.0007217179695040761,0.0007269249020851416
