count,mean,std,min,25%,50%,75%,95%,max,name,ci95_l,ci95_h,ci99_l,ci99_h
10000.0,9399.92753522086,294.0020787271571,8073.4859335038,9271.67571661665,9477.0630325804,9600.78404135545,9744.14751359203,9956.6804609218,actualCapacity,9394.165094477808,9405.689975963913,9392.3422815897,9407.512788852022
1000.0,2840.9176000003736,178.22046365083395,2332.0000000003,2720.6000000003,2829.6000000004,2967.2000000004,3136.4800000003997,3454.4000000005,meanMalus,2829.871381220931,2851.963818779816,2826.3771691580464,2855.4580308427007
1000.0,4.268967580994173,0.18376315640087562,3.6839741935484,4.139352447446025,4.270440357994,4.390455908291825,4.581374713355349,4.7652294000307,queueLength,4.257577822558901,4.280357339429444,4.253974939788561,4.283960222199784
100.0,195003.16,444.30903614034185,193977.0,194714.75,194965.5,195274.75,195705.0,196285.0,receivedPackets,194916.0754289165,195090.24457108352,194888.5282686758,195117.79173132422
1000.0,0.09265930064379242,0.0032124816632266447,0.081500540006241,0.09051306131985,0.0926890596189615,0.09482472301426725,0.09810201579693945,0.10169616777806,responseTime,0.0924601889674449,0.09285841232013994,0.09239720466166151,0.09292139662592333
10000.0,1950.0316,2181.528510899142,0.0,455.0,1276.0,2654.5,6295.049999999999,18037.0,sentPackets,1907.2736411863768,1992.7895588136232,1893.7481644188022,2006.315035581198
1000.0,0.00723260229378696,5.506413067401615e-05,0.0070564161535357,0.007195973632564,0.007233660679345499,0.0072691661550374,0.00732374482306683,0.0073917745340062,serviceTime,0.007229189383608943,0.007236015203964978,0.007228109789573039,0.007237094798000882
1000.0,0.08542667026803792,0.0032120816737403455,0.074229348155216,0.08330528653167425,0.08546661912895251,0.08760115947475225,0.0909270723303674,0.094449232086244,waitingTime,0.08522758338329561,0.08562575715278023,0.08516460691975468,0.08568873361632116
