count,mean,std,min,25%,50%,75%,95%,max,name,ci95_l,ci95_h,ci99_l,ci99_h
16000.0,9333.286562239398,141.12770527790428,8476.7188498403,9246.906787640024,9342.230304535151,9430.83900881855,9548.227633543489,9771.2712392829,actualCapacity,9331.099765790206,9335.47335868859,9330.408024056278,9336.165100422519
1000.0,365.9283000000489,46.24371254625902,233.75000000002,333.08750000004,366.62500000005,396.41250000006,441.56250000007,514.90000000008,meanMalus,363.06208500152655,368.7945149985713,362.15542515505524,369.7011748450426
1000.0,0.11871651025206159,0.006448800651225428,0.096649484536082,0.1140836293162075,0.11874884166513,0.1230565319320725,0.1292218311985995,0.13757022833875,queueLength,0.1183168094466703,0.11911621105745288,0.11819037347761796,0.11924264702650522
1000.0,19505.931,140.84353425038773,19057.0,19414.0,19507.5,19599.0,19729.0,19990.0,receivedPackets,19497.201427305994,19514.660572694007,19494.44003186197,19517.42196813803
1000.0,0.00985848212248047,9.234976801627909e-05,0.0095134867959804,0.009793307509250549,0.00985749202778035,0.0099217456679129,0.01001141221618955,0.010131610634188,responseTime,0.009852758224557405,0.009864206020403535,0.009850947603785824,0.009866016641175116
16000.0,1219.1206875,507.7875076068556,0.0,825.0,1190.0,1567.0,2092.0499999999993,3668.0,sentPackets,1211.252438552053,1226.988936447947,1208.7635026603557,1229.4778723396444
1000.0,0.007485978806823546,2.9337747286980994e-05,0.0074043819622231,0.0074657606755578,0.0074860628752889,0.0075052389541209255,0.007534473014720055,0.0075782346955257,serviceTime,0.007484160434407779,0.0074877971792393135,0.007483585234970138,0.0074883723786769545
1000.0,0.002372509339904455,8.152861258735734e-05,0.0020367798672244,0.00231584173971435,0.00237268654124035,0.00243169450089365,0.00250000708604991,0.0026162179074397,waitingTime,0.0023674561441435643,0.0023775625356653456,0.0023658576842600174,0.0023791609955488924
